,Date,Count,Bitcoin_Price
0,2022-08-31,553,20043.9
1,2022-08-30,490,19792.6
2,2022-08-29,514,20295.8
3,2022-08-28,373,19550.2
4,2022-08-27,473,20033.9
5,2022-08-26,524,20249.9
6,2022-08-25,590,21565.4
7,2022-08-24,622,21365.2
8,2022-08-23,547,21517.2
9,2022-08-22,544,21416.3
10,2022-08-21,431,21517.2
11,2022-08-20,521,21138.9
12,2022-08-19,521,20831.3
13,2022-08-18,512,23203.6
14,2022-08-17,567,23338.0
15,2022-08-16,498,23856.8
16,2022-08-15,530,24101.7
17,2022-08-14,438,24302.8
18,2022-08-13,480,24442.5
19,2022-08-12,570,24398.7
20,2022-08-11,594,23935.3
21,2022-08-10,703,23962.9
22,2022-08-09,562,23146.7
23,2022-08-08,489,23816.3
24,2022-08-07,341,23175.3
25,2022-08-06,365,22944.2
26,2022-08-05,433,23308.2
27,2022-08-04,523,22612.1
28,2022-08-03,558,22820.8
29,2022-08-02,496,22988.6
30,2022-08-01,444,23271.2
31,2022-07-31,366,23303.4
32,2022-07-30,362,23634.2
33,2022-07-29,435,23774.3
34,2022-07-28,528,23850.0
35,2022-07-27,444,22958.3
36,2022-07-26,513,21248.7
37,2022-07-25,479,21301.9
38,2022-07-24,385,22582.1
39,2022-07-23,383,22460.4
40,2022-07-22,437,22675.2
41,2022-07-21,564,23153.0
42,2022-07-20,511,23215.2
43,2022-07-19,498,23410.2
44,2022-07-18,468,22525.8
45,2022-07-17,382,20785.6
46,2022-07-16,388,21209.9
47,2022-07-15,452,20825.1
48,2022-07-14,570,20586.0
49,2022-07-13,498,20250.0
50,2022-07-12,475,19330.9
51,2022-07-11,501,19963.2
52,2022-07-10,396,20847.4
53,2022-07-09,392,21587.5
54,2022-07-08,487,21611.2
55,2022-07-07,514,21637.8
56,2022-07-06,467,20561.1
57,2022-07-05,413,20200.6
58,2022-07-04,504,20215.8
59,2022-07-03,387,19309.9
60,2022-07-02,421,19243.2
61,2022-07-01,574,19262.9
62,2022-06-30,575,19926.6
63,2022-06-29,570,20111.3
64,2022-06-28,503,20278.0
65,2022-06-27,527,20730.2
66,2022-06-26,412,21043.5
67,2022-06-25,398,21489.9
68,2022-06-24,520,21226.9
69,2022-06-23,573,21100.7
70,2022-06-22,569,19965.8
71,2022-06-21,620,20720.4
72,2022-06-20,642,20572.3
73,2022-06-19,688,20577.2
74,2022-06-18,954,18986.5
75,2022-06-17,701,20444.6
76,2022-06-16,703,20386.6
77,2022-06-15,891,22577.9
78,2022-06-14,940,22157.3
79,2022-06-13,1134,22448.0
80,2022-06-12,569,26606.3
81,2022-06-11,427,28403.4
82,2022-06-10,571,29083.3
83,2022-06-09,619,30097.8
84,2022-06-08,557,30201.6
85,2022-06-07,523,31128.8
86,2022-06-06,521,31367.6
87,2022-06-05,415,29913.0
88,2022-06-04,463,29864.3
89,2022-06-03,568,29700.9
90,2022-06-02,578,30455.5
91,2022-06-01,422,29798.5
92,2022-05-31,674,31793.4
93,2022-05-30,468,31723.3
94,2022-05-29,509,29465.2
95,2022-05-28,579,29027.1
96,2022-05-27,618,28601.2
97,2022-05-26,718,29203.5
98,2022-05-25,690,29540.6
99,2022-05-24,685,29648.7
100,2022-05-23,704,29093.3
101,2022-05-22,571,30286.6
102,2022-05-21,609,29434.6
103,2022-05-20,700,29178.6
104,2022-05-19,825,30305.9
105,2022-05-18,825,28683.7
106,2022-05-17,834,30437.5
107,2022-05-16,899,29849.0
108,2022-05-15,867,31308.7
109,2022-05-14,1102,30080.4
110,2022-05-13,1489,29284.4
111,2022-05-12,2120,28976.0
112,2022-05-11,1669,29068.2
113,2022-05-10,1042,31007.5
114,2022-05-09,906,30095.0
115,2022-05-08,583,34060.0
116,2022-05-07,562,35468.0
117,2022-05-06,703,36009.0
118,2022-05-05,707,36544.0
119,2022-05-04,707,39688.0
120,2022-05-03,658,37718.0
121,2022-05-02,739,38514.0
122,2022-05-01,631,38461.0
123,2022-04-30,555,37650.0
124,2022-04-29,606,38581.0
125,2022-04-28,646,39748.0
126,2022-04-27,687,39243.0
127,2022-04-26,724,38113.0
128,2022-04-25,675,40427.0
129,2022-04-24,563,39464.0
130,2022-04-23,548,39418.0
131,2022-04-22,646,39709.0
132,2022-04-21,768,40482.0
133,2022-04-20,654,41368.0
134,2022-04-19,722,41503.0
135,2022-04-18,770,40803.0
136,2022-04-17,644,39703.0
137,2022-04-16,550,40382.0
138,2022-04-15,673,40560.0
139,2022-04-14,735,39936.0
140,2022-04-13,801,41133.0
141,2022-04-12,824,40078.0
142,2022-04-11,756,39497.0
143,2022-04-10,609,42138.0
144,2022-04-09,559,42767.0
145,2022-04-08,767,42275.0
146,2022-04-07,824,43448.0
147,2022-04-06,1149,43173.0
148,2022-04-05,873,45506.0
149,2022-04-04,886,46629.0
150,2022-04-03,708,46407.0
151,2022-04-02,771,45811.0
152,2022-04-01,824,46297.0
153,2022-03-31,871,45525.0
154,2022-03-30,809,47075.0
155,2022-03-29,962,47449.0
156,2022-03-28,908,47105.0
157,2022-03-27,704,46859.0
158,2022-03-26,732,44548.0
159,2022-03-25,846,44331.0
160,2022-03-24,866,44013.0
161,2022-03-23,879,42912.0
162,2022-03-22,865,42373.0
163,2022-03-21,840,41022.0
164,2022-03-20,713,41276.0
165,2022-03-19,803,42233.0
166,2022-03-18,871,41767.8
167,2022-03-17,894,40914.8
168,2022-03-16,790,41118.7
169,2022-03-15,863,39285.7
170,2022-03-14,892,39671.1
171,2022-03-13,730,37792.4
172,2022-03-12,727,38814.3
173,2022-03-11,857,38730.2
174,2022-03-10,915,39416.3
175,2022-03-09,980,41929.0
176,2022-03-08,968,38744.8
177,2022-03-07,969,38024.8
178,2022-03-06,777,38403.1
179,2022-03-05,734,39395.8
180,2022-03-04,923,39142.7
181,2022-03-03,996,42463.0
182,2022-03-02,1014,43912.8
183,2022-03-01,1050,44420.3
184,2022-02-28,1045,43188.2
185,2022-02-27,830,37689.1
186,2022-02-26,911,39115.5
187,2022-02-25,917,39209.6
188,2022-02-24,1200,38339.2
189,2022-02-23,1049,37224.6
190,2022-02-22,1108,38248.2
191,2022-02-21,1111,37017.7
192,2022-02-20,1025,38355.0
193,2022-02-19,962,40090.3
194,2022-02-18,1094,40000.1
195,2022-02-17,1168,40552.8
196,2022-02-16,1184,43883.6
197,2022-02-15,1167,44544.4
198,2022-02-14,1210,42550.3
199,2022-02-13,998,42061.1
200,2022-02-12,1044,42205.2
201,2022-02-11,1122,42388.4
202,2022-02-10,1505,43521.0
203,2022-02-09,1435,44388.9
204,2022-02-08,1326,44038.2
205,2022-02-07,1441,43833.9
206,2022-02-06,1020,42392.2
207,2022-02-05,1183,41412.1
208,2022-02-04,1378,41567.6
209,2022-02-03,1667,37287.8
210,2022-02-02,1425,36890.2
211,2022-02-01,1561,38709.7
212,2022-01-31,1403,38498.6
213,2022-01-30,1145,37917.7
214,2022-01-29,1204,38170.8
215,2022-01-28,1355,37745.1
216,2022-01-27,1453,37164.3
217,2022-01-26,1497,36800.4
218,2022-01-25,1427,36950.6
219,2022-01-24,1633,36686.3
220,2022-01-23,1411,36269.5
221,2022-01-22,2045,35075.2
222,2022-01-21,1920,36475.5
223,2022-01-20,1427,40715.9
224,2022-01-19,1451,41677.8
225,2022-01-18,1494,42364.6
226,2022-01-17,1351,42209.3
227,2022-01-16,1301,43079.1
228,2022-01-15,1264,43097.0
229,2022-01-14,1432,43073.3
230,2022-01-13,1610,42560.0
231,2022-01-12,1519,43901.0
232,2022-01-11,1647,42733.2
233,2022-01-10,1599,41832.2
234,2022-01-09,1450,41848.3
235,2022-01-08,1508,41672.0
236,2022-01-07,1733,41546.7
237,2022-01-06,1763,43097.5
238,2022-01-05,1746,43425.9
239,2022-01-04,1690,45837.3
240,2022-01-03,1690,46430.2
241,2022-01-02,1562,47311.8
242,2022-01-01,1346,47738.0
243,2021-12-31,1581,46219.5
244,2021-12-30,1610,47123.3
245,2021-12-29,1665,46461.7
246,2021-12-28,1644,47545.2
247,2021-12-27,1605,50678.2
248,2021-12-26,1221,50779.9
249,2021-12-25,1137,50406.4
250,2021-12-24,1410,50786.1
251,2021-12-23,1547,50801.0
252,2021-12-22,1630,48599.7
253,2021-12-21,1737,48902.0
254,2021-12-20,1439,46895.2
255,2021-12-19,1279,46704.5
256,2021-12-18,1252,46856.2
257,2021-12-17,1532,46172.2
258,2021-12-16,1688,47628.2
259,2021-12-15,1965,48871.5
260,2021-12-14,2535,48366.5
261,2021-12-13,1728,46703.6
262,2021-12-12,1413,50081.0
263,2021-12-11,1538,49314.5
264,2021-12-10,1759,47137.2
265,2021-12-09,1823,47596.6
266,2021-12-08,1913,50473.9
267,2021-12-07,1981,50595.2
268,2021-12-06,1857,50562.1
269,2021-12-05,1707,49405.5
270,2021-12-04,2717,49195.2
271,2021-12-03,1947,53631.5
272,2021-12-02,2111,56496.0
273,2021-12-01,2038,57210.3
274,2021-11-30,2148,56882.9
275,2021-11-29,2040,57794.8
276,2021-11-28,1709,57291.5
277,2021-11-27,1727,54765.9
278,2021-11-26,2080,53730.9
279,2021-11-25,2192,58935.1
280,2021-11-24,2241,57171.7
281,2021-11-23,2099,57573.2
282,2021-11-22,1997,56308.8
283,2021-11-21,1886,58714.3
284,2021-11-20,1722,59717.6
285,2021-11-19,2207,58083.4
286,2021-11-18,2334,56955.3
287,2021-11-17,2543,60367.8
288,2021-11-16,2505,60089.1
289,2021-11-15,2169,63597.9
290,2021-11-14,1985,65508.2
291,2021-11-13,2084,64398.6
292,2021-11-12,2231,64134.5
293,2021-11-11,2460,64806.7
294,2021-11-10,2727,64932.6
295,2021-11-09,3075,66904.4
296,2021-11-08,2657,67527.9
297,2021-11-07,2301,63273.2
298,2021-11-06,2415,61483.9
299,2021-11-05,2385,60974.3
300,2021-11-04,2808,61412.6
301,2021-11-03,2796,62918.5
302,2021-11-02,2717,63221.7
303,2021-11-01,2461,60915.3
304,2021-10-31,2164,61309.6
305,2021-10-30,2536,61840.1
306,2021-10-29,2751,62242.8
307,2021-10-28,2976,60582.5
308,2021-10-27,2764,58438.1
309,2021-10-26,2192,60310.8
310,2021-10-25,2060,63067.0
311,2021-10-24,1681,60866.5
312,2021-10-23,1516,61312.5
313,2021-10-22,1846,60690.3
314,2021-10-21,2006,62210.2
315,2021-10-20,2302,65979.1
316,2021-10-19,1936,64278.5
317,2021-10-18,1848,62056.3
318,2021-10-17,1504,61527.5
319,2021-10-16,1689,60861.1
320,2021-10-15,2128,61672.5
321,2021-10-14,1994,57345.8
322,2021-10-13,1783,57380.1
323,2021-10-12,1799,56015.9
324,2021-10-11,1856,57477.3
325,2021-10-10,1638,54687.7
326,2021-10-09,1612,54942.5
327,2021-10-08,1854,53914.7
328,2021-10-07,2136,53783.9
329,2021-10-06,1908,55323.2
330,2021-10-05,1757,51469.3
331,2021-10-04,1666,49227.3
332,2021-10-03,1363,48200.1
333,2021-10-02,1457,47666.9
334,2021-10-01,1764,48146.0
335,2021-09-30,1643,43823.3
336,2021-09-29,1526,41536.8
337,2021-09-28,1510,41022.3
338,2021-09-27,1514,42172.6
339,2021-09-26,1305,43203.4
340,2021-09-25,1388,42686.8
341,2021-09-24,1802,42819.9
342,2021-09-23,1631,44869.2
343,2021-09-22,1733,43551.6
344,2021-09-21,1784,40651.3
345,2021-09-20,1777,42870.6
346,2021-09-19,1384,47238.7
347,2021-09-18,1554,48306.7
348,2021-09-17,1814,47282.8
349,2021-09-16,2004,47748.0
350,2021-09-15,1988,48130.6
351,2021-09-14,2072,47077.5
352,2021-09-13,2118,44949.5
353,2021-09-12,1779,46062.3
354,2021-09-11,1678,45161.9
355,2021-09-10,2145,44842.8
356,2021-09-09,2320,46385.6
357,2021-09-08,2369,46061.4
358,2021-09-07,2884,46779.6
359,2021-09-06,2234,52672.1
360,2021-09-05,2104,51768.6
361,2021-09-04,1929,49918.4
362,2021-09-03,2273,49999.0
363,2021-09-02,2524,49274.3
364,2021-09-01,2319,48819.4
365,2021-08-31,2360,47130.4
366,2021-08-30,2076,46992.7
367,2021-08-29,1896,48777.4
368,2021-08-28,1971,48897.1
369,2021-08-27,2337,49064.3
370,2021-08-26,2365,46831.6
371,2021-08-25,2518,48994.5
372,2021-08-24,2509,47714.7
373,2021-08-23,3024,49539.7
374,2021-08-22,2580,49254.5
375,2021-08-21,2322,48875.8
376,2021-08-20,2591,49324.0
377,2021-08-19,2725,46755.9
378,2021-08-18,2474,44723.8
379,2021-08-17,2701,44691.6
380,2021-08-16,2783,45996.3
381,2021-08-15,2589,46991.3
382,2021-08-14,2538,47081.5
383,2021-08-13,2729,47809.1
384,2021-08-12,2813,44403.4
385,2021-08-11,2765,45564.3
386,2021-08-10,2511,45593.8
387,2021-08-09,2508,46284.3
388,2021-08-08,2273,43792.8
389,2021-08-07,2182,44614.2
390,2021-08-06,2321,42795.4
391,2021-08-05,2814,40867.2
392,2021-08-04,2382,39736.9
393,2021-08-03,2032,38130.3
394,2021-08-02,1835,39168.4
395,2021-08-01,1459,39878.3
396,2021-07-31,1554,41553.7
397,2021-07-30,1680,42203.4
398,2021-07-29,1815,40001.4
399,2021-07-28,1951,40003.2
400,2021-07-27,2473,39452.0
401,2021-07-26,2447,37276.6
402,2021-07-25,1437,35391.1
403,2021-07-24,1520,33824.8
404,2021-07-23,1618,33603.3
405,2021-07-22,1731,32298.9
406,2021-07-21,1616,32131.4
407,2021-07-20,1821,29793.8
408,2021-07-19,1559,30837.2
409,2021-07-18,1347,31785.4
410,2021-07-17,1375,31518.6
411,2021-07-16,1550,31394.0
412,2021-07-15,1927,31840.5
413,2021-07-14,1637,32820.7
414,2021-07-13,1651,32728.1
415,2021-07-12,1584,33113.0
416,2021-07-11,1316,34227.7
417,2021-07-10,1413,33510.6
418,2021-07-09,1502,33797.4
419,2021-07-08,1731,32866.3
420,2021-07-07,1523,33867.8
421,2021-07-06,1480,34225.6
422,2021-07-05,1291,33687.8
423,2021-07-04,1054,35298.2
424,2021-07-03,1155,34742.8
425,2021-07-02,1473,33813.4
426,2021-07-01,1497,33543.6
427,2021-06-30,1384,35026.9
428,2021-06-29,1447,35834.7
429,2021-06-28,1386,34475.9
430,2021-06-27,1202,34678.5
431,2021-06-26,1173,32243.4
432,2021-06-25,1298,31594.0
433,2021-06-24,1380,34665.8
434,2021-06-23,1653,33674.3
435,2021-06-22,2278,32496.4
436,2021-06-21,1794,31692.0
437,2021-06-20,1337,35595.8
438,2021-06-19,1351,35513.4
439,2021-06-18,1579,35749.4
440,2021-06-17,1806,38052.0
441,2021-06-16,1558,38336.0
442,2021-06-15,1602,40156.1
443,2021-06-14,1590,40529.4
444,2021-06-13,1285,39022.9
445,2021-06-12,1263,35467.5
446,2021-06-11,1510,37314.6
447,2021-06-10,1651,36649.4
448,2021-06-09,1748,37332.2
449,2021-06-08,2028,33382.9
450,2021-06-07,1599,33578.0
451,2021-06-06,1342,35815.4
452,2021-06-05,1548,35520.0
453,2021-06-04,1697,36851.3
454,2021-06-03,1683,39187.3
455,2021-06-02,1758,37555.8
456,2021-06-01,1626,36687.6
457,2021-05-31,1686,37298.6
458,2021-05-30,1473,35652.8
459,2021-05-29,1607,34584.6
460,2021-05-28,1679,35662.5
461,2021-05-27,1837,38417.3
462,2021-05-26,2199,39249.2
463,2021-05-25,2283,38378.3
464,2021-05-24,2719,38750.6
465,2021-05-23,2883,34679.7
466,2021-05-22,2360,37448.3
467,2021-05-21,2750,37297.4
468,2021-05-20,3093,40717.2
469,2021-05-19,4368,36720.5
470,2021-05-18,2808,42897.3
471,2021-05-17,3107,43541.3
472,2021-05-16,2924,46426.4
473,2021-05-15,2701,46708.8
474,2021-05-14,3161,49839.8
475,2021-05-13,4423,49704.6
476,2021-05-12,3515,49384.2
477,2021-05-11,3256,56695.7
478,2021-05-10,3375,55848.9
479,2021-05-09,3146,58238.3
480,2021-05-08,2919,58840.1
481,2021-05-07,2999,57337.2
482,2021-05-06,3116,56405.4
483,2021-05-05,3461,57441.3
484,2021-05-04,3123,53741.5
485,2021-05-03,3033,57169.8
486,2021-05-02,2331,56603.8
487,2021-05-01,2208,57807.1
488,2021-04-30,2215,57720.3
489,2021-04-29,2548,53560.8
490,2021-04-28,2476,54841.4
491,2021-04-27,2658,55036.5
492,2021-04-26,2780,54020.5
493,2021-04-25,2567,48963.6
494,2021-04-24,2096,50088.9
495,2021-04-23,3209,51143.6
496,2021-04-22,3305,51729.5
497,2021-04-21,3025,53820.2
498,2021-04-20,3125,56483.2
499,2021-04-19,3568,55646.1
500,2021-04-18,3019,56207.1
501,2021-04-17,2084,60041.9
502,2021-04-16,2575,61379.7
503,2021-04-15,2038,63216.0
504,2021-04-14,2068,62980.4
505,2021-04-13,1920,63540.9
506,2021-04-12,1508,59863.8
507,2021-04-11,1202,59978.7
508,2021-04-10,1242,59748.4
509,2021-04-09,1392,58118.7
510,2021-04-08,1459,58077.4
511,2021-04-07,1676,55948.7
512,2021-04-06,1443,57996.3
513,2021-04-05,1399,58993.4
514,2021-04-04,1292,58199.9
515,2021-04-03,1199,57059.9
516,2021-04-02,1248,58977.3
517,2021-04-01,1434,58718.3
518,2021-03-31,1321,58763.7
519,2021-03-30,1400,58771.3
520,2021-03-29,1260,57616.2
521,2021-03-28,1202,55765.2
522,2021-03-27,1169,55862.9
523,2021-03-26,1293,55036.1
524,2021-03-25,1445,51322.3
525,2021-03-24,1278,52325.4
526,2021-03-23,1148,54452.5
527,2021-03-22,1164,54158.3
528,2021-03-21,1057,57383.8
529,2021-03-20,1033,58093.4
530,2021-03-19,1212,58088.0
531,2021-03-18,1288,57656.0
532,2021-03-17,1309,58913.5
533,2021-03-16,1284,56889.7
534,2021-03-15,1128,55791.3
535,2021-03-14,1284,59113.7
536,2021-03-13,1339,61195.3
537,2021-03-12,1134,57265.1
538,2021-03-11,1405,57799.5
539,2021-03-10,1414,55851.9
540,2021-03-09,1448,54879.0
541,2021-03-08,1380,52311.0
542,2021-03-07,1194,50982.3
543,2021-03-06,1195,48855.6
544,2021-03-05,1234,48792.5
545,2021-03-04,1392,48428.0
546,2021-03-03,1429,50395.1
547,2021-03-02,1325,48424.2
548,2021-03-01,1497,49595.5
549,2021-02-28,1884,45164.0
550,2021-02-27,2075,46136.7
551,2021-02-26,1607,46345.6
552,2021-02-25,1436,46928.5
553,2021-02-24,1371,49697.5
554,2021-02-23,1939,48911.2
555,2021-02-22,1783,54111.8
556,2021-02-21,1832,57433.8
557,2021-02-20,2469,55923.7
558,2021-02-19,2000,55906.6
559,2021-02-18,1916,51582.2
560,2021-02-17,1658,52079.2
561,2021-02-16,1517,49169.7
562,2021-02-15,1709,47936.3
563,2021-02-14,1685,48643.4
564,2021-02-13,2048,47168.7
565,2021-02-12,1616,47371.7
566,2021-02-11,1940,47990.7
567,2021-02-10,1925,44836.0
568,2021-02-09,2314,46508.6
569,2021-02-08,2252,46395.7
570,2021-02-07,2082,38852.9
571,2021-02-06,2234,39256.6
572,2021-02-05,1902,38297.6
573,2021-02-04,1967,36982.1
574,2021-02-03,2011,37646.8
575,2021-02-02,1945,35485.2
576,2021-02-01,2170,33515.7
577,2021-01-31,2234,33108.1
578,2021-01-30,2177,34283.1
579,2021-01-29,2690,34301.8
580,2021-01-28,1504,33374.8
581,2021-01-27,598,30404.0
582,2021-01-26,531,32502.1
583,2021-01-25,543,32252.3
584,2021-01-24,514,32241.3
585,2021-01-23,533,32088.9
586,2021-01-22,548,33000.5
587,2021-01-21,662,30842.1
588,2021-01-20,579,35476.3
589,2021-01-19,648,36002.9
590,2021-01-18,590,36613.2
591,2021-01-17,547,35839.6
592,2021-01-16,695,36019.5
593,2021-01-15,683,36845.8
594,2021-01-14,745,39175.7
595,2021-01-13,626,37382.2
596,2021-01-12,646,34076.1
597,2021-01-11,832,35544.3
598,2021-01-10,745,38192.2
599,2021-01-09,696,40151.9
600,2021-01-08,695,40599.3
601,2021-01-07,962,39460.2
602,2021-01-06,841,36793.2
603,2021-01-05,752,33991.5
604,2021-01-04,713,32022.6
605,2021-01-03,836,32958.9
606,2021-01-02,723,32193.3
607,2021-01-01,477,29359.9
